insert into users (id, username, password) values (1, 'mlouiset0', 'GoVM9ihM8Dz');
insert into users (id, username, password) values (2, 'clivard1', 'QyAwK44Fk6D');
insert into users (id, username, password) values (3, 'echapier2', 'Rj63t8W');
insert into users (id, username, password) values (4, 'uarkin3', 'nkWiYjEyMOK');
insert into users (id, username, password) values (5, 'gcawthry4', 'dIGu7DzZ');
insert into users (id, username, password) values (6, 'gchalfain5', '2mocFNAp');
insert into users (id, username, password) values (7, 'clippiatt6', 'oNgzwc');
insert into users (id, username, password) values (8, 'tsalzberger7', 'LNEquZ');
insert into users (id, username, password) values (9, 'sbreckwell8', 'WH0cJKGi');
insert into users (id, username, password) values (10, 'asillars9', '9SBTOXUMIdNv');
insert into users (id, username, password) values (11, 'sbrophya', 'lUhasmYFEsk');
insert into users (id, username, password) values (12, 'apaxfordeb', '7A1MWInJAg');
insert into users (id, username, password) values (13, 'vthriftc', 'B561wWov');
insert into users (id, username, password) values (14, 'asmewingsd', 'YHVYC10Zda0A');
insert into users (id, username, password) values (15, 'bscarisbricke', '1u7GZ1DWs1H4');
insert into users (id, username, password) values (16, 'ksipsonf', 'Wo3nP3H');
insert into users (id, username, password) values (17, 'llowlessg', '9em4qeg');
insert into users (id, username, password) values (18, 'jpesich', 'xRf0bWW');
insert into users (id, username, password) values (19, 'jgunnyi', '2Suxojs');
insert into users (id, username, password) values (20, 'cwaithj', 'UXXgIz');
insert into users (id, username, password) values (21, 'golivek', 'Uch2L6Krq');
insert into users (id, username, password) values (22, 'howlnerl', 'SC5mTtR');
insert into users (id, username, password) values (23, 'falldreadm', 'vgZUZlt');
insert into users (id, username, password) values (24, 'jkynstonn', 'FcAs7RLMRC');
insert into users (id, username, password) values (25, 'fgabbitaso', 'SxzYBCut8');
insert into users (id, username, password) values (26, 'mfontelp', 'wVAzS7BDIIN');
insert into users (id, username, password) values (27, 'mgumbrellq', 'SxAQgcWS');
insert into users (id, username, password) values (28, 'csheringhamr', '1OmQcLgNHQ');
insert into users (id, username, password) values (29, 'gblanpeins', 'iUsQH60kcQQ');
insert into users (id, username, password) values (30, 'dcianellit', 'XFxlxpYek5u');
insert into users (id, username, password) values (31, 'bwoodesonu', 'eDXPNvO');
insert into users (id, username, password) values (32, 'tfacev', '5fPRBR6CD');
insert into users (id, username, password) values (33, 'ghazlew', 'fOgcYJ1p6TzJ');
insert into users (id, username, password) values (34, 'srollandx', 'urdd2T');
insert into users (id, username, password) values (35, 'mquinbyy', '7BMF0CMCT');
insert into users (id, username, password) values (36, 'lrollingsonz', '93G1fi');
insert into users (id, username, password) values (37, 'llemin10', 'yyB3HzvKR10');
insert into users (id, username, password) values (38, 'hsuttling11', 'HL1pW5iy');
insert into users (id, username, password) values (39, 'eruckman12', 'sorsBSK');
insert into users (id, username, password) values (40, 'gbanasiak13', 'hNxb9e2X1');
insert into users (id, username, password) values (41, 'emccaskill14', 'MwzsrcVf');
insert into users (id, username, password) values (42, 'tsinclar15', 'vHiERv8lJc');
insert into users (id, username, password) values (43, 'fwessel16', 'h2J8bZtHXf');
insert into users (id, username, password) values (44, 'fdunklee17', 'zVskyr');
insert into users (id, username, password) values (45, 'lmewrcik18', 'soMaqO');
insert into users (id, username, password) values (46, 'trussel19', 'TqV528vo');
insert into users (id, username, password) values (47, 'cmoores1a', 'Bb2FQwOLz');
insert into users (id, username, password) values (48, 'ygrassot1b', 'dmIIO4DEcZR3');
insert into users (id, username, password) values (49, 'marchdeacon1c', 'C0cgnVmq0');
insert into users (id, username, password) values (50, 'eblades1d', 'uhcTstiCY2dR');
insert into artists (id, name, image) values (1, 'Tristan', 'http://dummyimage.com/220x163.bmp/ff4444/ffffff');
insert into artists (id, name, image) values (2, 'Domingo', 'http://dummyimage.com/203x165.jpg/5fa2dd/ffffff');
insert into artists (id, name, image) values (3, 'Leshia', 'http://dummyimage.com/205x126.bmp/5fa2dd/ffffff');
insert into artists (id, name, image) values (4, 'Kristo', 'http://dummyimage.com/219x189.jpg/5fa2dd/ffffff');
insert into artists (id, name, image) values (5, 'Craig', 'http://dummyimage.com/207x196.jpg/5fa2dd/ffffff');
insert into artists (id, name, image) values (6, 'Haily', 'http://dummyimage.com/235x196.bmp/ff4444/ffffff');
insert into artists (id, name, image) values (7, 'Gordy', 'http://dummyimage.com/194x225.jpg/ff4444/ffffff');
insert into artists (id, name, image) values (8, 'Randy', 'http://dummyimage.com/213x131.jpg/ff4444/ffffff');
insert into artists (id, name, image) values (9, 'Denys', 'http://dummyimage.com/186x234.png/dddddd/000000');
insert into artists (id, name, image) values (10, 'Bertie', 'http://dummyimage.com/240x188.bmp/ff4444/ffffff');
insert into artists (id, name, image) values (11, 'Atlante', 'http://dummyimage.com/200x198.jpg/cc0000/ffffff');
insert into artists (id, name, image) values (12, 'Natal', 'http://dummyimage.com/146x180.jpg/dddddd/000000');
insert into artists (id, name, image) values (13, 'Karrah', 'http://dummyimage.com/187x126.bmp/dddddd/000000');
insert into artists (id, name, image) values (14, 'Jerad', 'http://dummyimage.com/128x219.bmp/dddddd/000000');
insert into artists (id, name, image) values (15, 'Wenonah', 'http://dummyimage.com/129x201.bmp/ff4444/ffffff');
insert into artists (id, name, image) values (16, 'Tammie', 'http://dummyimage.com/248x247.png/dddddd/000000');
insert into artists (id, name, image) values (17, 'Pamella', 'http://dummyimage.com/240x139.png/dddddd/000000');
insert into artists (id, name, image) values (18, 'Desirae', 'http://dummyimage.com/222x150.png/cc0000/ffffff');
insert into artists (id, name, image) values (19, 'Weidar', 'http://dummyimage.com/224x240.jpg/5fa2dd/ffffff');
insert into artists (id, name, image) values (20, 'Bethany', 'http://dummyimage.com/167x223.jpg/dddddd/000000');
insert into artists (id, name, image) values (21, 'Damita', 'http://dummyimage.com/219x138.jpg/dddddd/000000');
insert into artists (id, name, image) values (22, 'Fallon', 'http://dummyimage.com/176x182.png/dddddd/000000');
insert into artists (id, name, image) values (23, 'Owen', 'http://dummyimage.com/127x211.png/dddddd/000000');
insert into artists (id, name, image) values (24, 'Olenolin', 'http://dummyimage.com/179x181.jpg/ff4444/ffffff');
insert into artists (id, name, image) values (25, 'Dexter', 'http://dummyimage.com/201x115.png/dddddd/000000');
insert into artists (id, name, image) values (26, 'Westbrook', 'http://dummyimage.com/159x216.jpg/5fa2dd/ffffff');
insert into artists (id, name, image) values (27, 'Zaria', 'http://dummyimage.com/131x128.bmp/5fa2dd/ffffff');
insert into artists (id, name, image) values (28, 'Marcellus', 'http://dummyimage.com/233x235.jpg/ff4444/ffffff');
insert into artists (id, name, image) values (29, 'Temple', 'http://dummyimage.com/194x160.bmp/5fa2dd/ffffff');
insert into artists (id, name, image) values (30, 'Concordia', 'http://dummyimage.com/127x181.bmp/5fa2dd/ffffff');
insert into artists (id, name, image) values (31, 'Fremont', 'http://dummyimage.com/173x185.bmp/dddddd/000000');
insert into artists (id, name, image) values (32, 'Rodi', 'http://dummyimage.com/218x208.bmp/dddddd/000000');
insert into artists (id, name, image) values (33, 'Meriel', 'http://dummyimage.com/137x123.png/ff4444/ffffff');
insert into artists (id, name, image) values (34, 'Evangelia', 'http://dummyimage.com/187x169.bmp/5fa2dd/ffffff');
insert into artists (id, name, image) values (35, 'Allistir', 'http://dummyimage.com/158x178.bmp/5fa2dd/ffffff');
insert into artists (id, name, image) values (36, 'Tannie', 'http://dummyimage.com/203x179.bmp/cc0000/ffffff');
insert into artists (id, name, image) values (37, 'Vincenty', 'http://dummyimage.com/148x124.bmp/5fa2dd/ffffff');
insert into artists (id, name, image) values (38, 'Kev', 'http://dummyimage.com/236x220.png/ff4444/ffffff');
insert into artists (id, name, image) values (39, 'Caitlin', 'http://dummyimage.com/141x146.bmp/dddddd/000000');
insert into artists (id, name, image) values (40, 'Dewitt', 'http://dummyimage.com/136x221.png/cc0000/ffffff');
insert into artists (id, name, image) values (41, 'Lynda', 'http://dummyimage.com/133x197.jpg/ff4444/ffffff');
insert into artists (id, name, image) values (42, 'Colly', 'http://dummyimage.com/208x246.jpg/cc0000/ffffff');
insert into artists (id, name, image) values (43, 'Winnie', 'http://dummyimage.com/213x123.png/ff4444/ffffff');
insert into artists (id, name, image) values (44, 'Hilary', 'http://dummyimage.com/148x147.jpg/5fa2dd/ffffff');
insert into artists (id, name, image) values (45, 'Verla', 'http://dummyimage.com/109x211.png/cc0000/ffffff');
insert into artists (id, name, image) values (46, 'Charo', 'http://dummyimage.com/113x221.jpg/ff4444/ffffff');
insert into artists (id, name, image) values (47, 'Dannye', 'http://dummyimage.com/186x145.jpg/dddddd/000000');
insert into artists (id, name, image) values (48, 'Cynthy', 'http://dummyimage.com/236x183.png/dddddd/000000');
insert into artists (id, name, image) values (49, 'Palmer', 'http://dummyimage.com/114x148.png/cc0000/ffffff');
insert into artists (id, name, image) values (50, 'Cecilla', 'http://dummyimage.com/110x117.png/ff4444/ffffff');
insert into albums (id, title, artistid, url, image) values (1, 'White-nosed coatimundi', 46, 'http://yahoo.co.jp/ante/vestibulum/ante/ipsum.html', 'http://dummyimage.com/171x191.jpg/cc0000/ffffff');
insert into albums (id, title, artistid, url, image) values (2, 'Currasow (unidentified)', 7, 'http://cdc.gov/quam/sapien.js', 'http://dummyimage.com/196x221.jpg/5fa2dd/ffffff');
insert into albums (id, title, artistid, url, image) values (3, 'Great cormorant', 25, 'https://slideshare.net/proin.jpg', 'http://dummyimage.com/106x239.jpg/cc0000/ffffff');
insert into albums (id, title, artistid, url, image) values (4, 'Black spider monkey', 36, 'http://digg.com/nec/nisi/volutpat/eleifend/donec.xml', 'http://dummyimage.com/149x176.bmp/5fa2dd/ffffff');
insert into albums (id, title, artistid, url, image) values (5, 'Shrike, southern white-crowned', 5, 'https://quantcast.com/aliquet/massa/id.png', 'http://dummyimage.com/181x116.bmp/cc0000/ffffff');
insert into albums (id, title, artistid, url, image) values (6, 'Great egret', 4, 'http://google.es/volutpat/erat/quisque.xml', 'http://dummyimage.com/169x122.bmp/5fa2dd/ffffff');
insert into albums (id, title, artistid, url, image) values (7, 'Cormorant, pied', 21, 'http://symantec.com/leo/odio/porttitor/id.aspx', 'http://dummyimage.com/238x113.bmp/ff4444/ffffff');
insert into albums (id, title, artistid, url, image) values (8, 'Canadian river otter', 21, 'https://guardian.co.uk/nec/nisi/volutpat/eleifend/donec.jsp', 'http://dummyimage.com/125x239.jpg/dddddd/000000');
insert into albums (id, title, artistid, url, image) values (9, 'Crab (unidentified)', 43, 'http://statcounter.com/at/nibh/in/hac/habitasse/platea/dictumst.png', 'http://dummyimage.com/111x160.jpg/5fa2dd/ffffff');
insert into albums (id, title, artistid, url, image) values (10, 'Bobcat', 16, 'http://youku.com/interdum/eu/tincidunt.jsp', 'http://dummyimage.com/232x229.jpg/cc0000/ffffff');
insert into albums (id, title, artistid, url, image) values (11, 'Swan, black', 16, 'http://jigsy.com/leo/pellentesque/ultrices/mattis/odio/donec.js', 'http://dummyimage.com/206x148.bmp/5fa2dd/ffffff');
insert into albums (id, title, artistid, url, image) values (12, 'Opossum, american virginia', 38, 'https://fastcompany.com/eleifend.js', 'http://dummyimage.com/163x237.png/cc0000/ffffff');
insert into albums (id, title, artistid, url, image) values (13, 'Armadillo, nine-banded', 22, 'https://cafepress.com/sapien/quis/libero/nullam.png', 'http://dummyimage.com/135x229.bmp/5fa2dd/ffffff');
insert into albums (id, title, artistid, url, image) values (14, 'Common boubou shrike', 10, 'http://angelfire.com/magna/bibendum/imperdiet/nullam.aspx', 'http://dummyimage.com/179x173.bmp/cc0000/ffffff');
insert into albums (id, title, artistid, url, image) values (15, 'Black-tailed tree creeper', 25, 'http://mozilla.com/non/mattis/pulvinar/nulla.png', 'http://dummyimage.com/141x179.bmp/cc0000/ffffff');
insert into albums (id, title, artistid, url, image) values (16, 'Asiatic jackal', 4, 'http://bloglines.com/risus.jpg', 'http://dummyimage.com/140x113.png/cc0000/ffffff');
insert into albums (id, title, artistid, url, image) values (17, 'Kingfisher, white-throated', 10, 'http://com.com/urna/pretium/nisl/ut/volutpat/sapien.js', 'http://dummyimage.com/188x174.png/cc0000/ffffff');
insert into albums (id, title, artistid, url, image) values (18, 'Anaconda (unidentified)', 10, 'http://goo.ne.jp/leo/odio/porttitor.xml', 'http://dummyimage.com/137x187.png/5fa2dd/ffffff');
insert into albums (id, title, artistid, url, image) values (19, 'Waxbill, violet-eared', 42, 'http://hugedomains.com/sapien/ut.xml', 'http://dummyimage.com/238x116.png/dddddd/000000');
insert into albums (id, title, artistid, url, image) values (20, 'Francolin, swainson''s', 36, 'http://alexa.com/eget/orci.js', 'http://dummyimage.com/164x245.jpg/cc0000/ffffff');
insert into albums (id, title, artistid, url, image) values (21, 'Peregrine falcon', 4, 'https://gov.uk/sem/sed/sagittis.json', 'http://dummyimage.com/128x221.png/ff4444/ffffff');
insert into albums (id, title, artistid, url, image) values (22, 'Barking gecko', 22, 'http://latimes.com/ac/diam.json', 'http://dummyimage.com/129x156.png/ff4444/ffffff');
insert into albums (id, title, artistid, url, image) values (23, 'Lion, steller''s sea', 37, 'https://paypal.com/vestibulum/quam/sapien/varius.json', 'http://dummyimage.com/211x135.bmp/5fa2dd/ffffff');
insert into albums (id, title, artistid, url, image) values (24, 'Python, carpet', 35, 'http://pagesperso-orange.fr/in/sagittis/dui.aspx', 'http://dummyimage.com/108x178.bmp/dddddd/000000');
insert into albums (id, title, artistid, url, image) values (25, 'Tarantula, salmon pink bird eater', 20, 'https://topsy.com/porttitor/lorem/id/ligula/suspendisse/ornare.json', 'http://dummyimage.com/143x236.jpg/cc0000/ffffff');
insert into albums (id, title, artistid, url, image) values (26, 'African wild dog', 3, 'https://ebay.com/in/porttitor/pede/justo/eu/massa/donec.png', 'http://dummyimage.com/129x159.bmp/ff4444/ffffff');
insert into albums (id, title, artistid, url, image) values (27, 'Greater rhea', 15, 'http://mozilla.com/penatibus/et/magnis/dis/parturient.jsp', 'http://dummyimage.com/222x213.bmp/ff4444/ffffff');
insert into albums (id, title, artistid, url, image) values (28, 'Grenadier, common', 18, 'http://archive.org/eu/nibh/quisque/id/justo/sit.xml', 'http://dummyimage.com/154x108.bmp/dddddd/000000');
insert into albums (id, title, artistid, url, image) values (29, 'Vicuna', 19, 'http://last.fm/ultrices/erat.json', 'http://dummyimage.com/114x100.png/dddddd/000000');
insert into albums (id, title, artistid, url, image) values (30, 'Ring-tailed gecko', 40, 'https://soundcloud.com/non.aspx', 'http://dummyimage.com/240x191.bmp/5fa2dd/ffffff');
insert into albums (id, title, artistid, url, image) values (31, 'African bush squirrel', 25, 'http://cnet.com/lorem/id/ligula/suspendisse.jsp', 'http://dummyimage.com/153x248.png/ff4444/ffffff');
insert into albums (id, title, artistid, url, image) values (32, 'Civet (unidentified)', 27, 'https://hexun.com/mauris/morbi/non/lectus/aliquam.js', 'http://dummyimage.com/193x120.png/cc0000/ffffff');
insert into albums (id, title, artistid, url, image) values (33, 'Large-eared bushbaby', 24, 'http://pbs.org/pede/ullamcorper/augue/a/suscipit/nulla.xml', 'http://dummyimage.com/169x199.bmp/5fa2dd/ffffff');
insert into albums (id, title, artistid, url, image) values (34, 'Least chipmunk', 24, 'https://google.ca/dui/nec.json', 'http://dummyimage.com/190x167.png/ff4444/ffffff');
insert into albums (id, title, artistid, url, image) values (35, 'Rufous-collared sparrow', 40, 'https://smugmug.com/pede/posuere/nonummy/integer.jsp', 'http://dummyimage.com/169x170.png/5fa2dd/ffffff');
insert into albums (id, title, artistid, url, image) values (36, 'Australian spiny anteater', 37, 'https://usatoday.com/volutpat/erat/quisque.xml', 'http://dummyimage.com/121x111.bmp/cc0000/ffffff');
insert into albums (id, title, artistid, url, image) values (37, 'Wallaby, whip-tailed', 3, 'http://utexas.edu/rhoncus/dui/vel.xml', 'http://dummyimage.com/101x142.bmp/ff4444/ffffff');
insert into albums (id, title, artistid, url, image) values (38, 'White-winged dove', 35, 'https://hubpages.com/eget/eros/elementum/pellentesque/quisque/porta/volutpat.aspx', 'http://dummyimage.com/189x191.bmp/cc0000/ffffff');
insert into albums (id, title, artistid, url, image) values (39, 'Long-tailed skua', 47, 'https://rediff.com/ut/odio/cras/mi.jsp', 'http://dummyimage.com/179x231.jpg/ff4444/ffffff');
insert into albums (id, title, artistid, url, image) values (40, 'Hornbill, red-billed', 21, 'http://archive.org/mauris.js', 'http://dummyimage.com/242x128.jpg/ff4444/ffffff');
insert into albums (id, title, artistid, url, image) values (41, 'Small-clawed otter', 22, 'https://ihg.com/odio/condimentum.aspx', 'http://dummyimage.com/192x124.bmp/cc0000/ffffff');
insert into albums (id, title, artistid, url, image) values (42, 'Duck, comb', 17, 'https://joomla.org/at/vulputate/vitae/nisl/aenean.html', 'http://dummyimage.com/179x154.jpg/ff4444/ffffff');
insert into albums (id, title, artistid, url, image) values (43, 'Weeper capuchin', 27, 'https://mozilla.org/justo/nec.html', 'http://dummyimage.com/231x101.bmp/cc0000/ffffff');
insert into albums (id, title, artistid, url, image) values (44, 'Vulture, king', 10, 'http://wikimedia.org/volutpat/sapien/arcu/sed/augue/aliquam.xml', 'http://dummyimage.com/236x243.png/cc0000/ffffff');
insert into albums (id, title, artistid, url, image) values (45, 'Sarus crane', 6, 'https://infoseek.co.jp/aliquet.jpg', 'http://dummyimage.com/224x123.png/dddddd/000000');
insert into albums (id, title, artistid, url, image) values (46, 'Blue-tongued skink', 15, 'http://quantcast.com/mi.jsp', 'http://dummyimage.com/103x105.jpg/cc0000/ffffff');
insert into albums (id, title, artistid, url, image) values (47, 'Antechinus, brown', 1, 'https://github.com/non/ligula/pellentesque/ultrices.html', 'http://dummyimage.com/138x224.bmp/ff4444/ffffff');
insert into albums (id, title, artistid, url, image) values (48, 'Tortoise, burmese black mountain', 26, 'https://geocities.jp/nec/dui/luctus/rutrum.png', 'http://dummyimage.com/105x141.bmp/dddddd/000000');
insert into albums (id, title, artistid, url, image) values (49, 'Dove, ring', 36, 'http://xinhuanet.com/vulputate/luctus/cum/sociis/natoque.jsp', 'http://dummyimage.com/140x121.png/5fa2dd/ffffff');
insert into albums (id, title, artistid, url, image) values (50, 'Crimson-breasted shrike', 23, 'https://ihg.com/odio/curabitur/convallis/duis/consequat.html', 'http://dummyimage.com/202x205.bmp/cc0000/ffffff');
insert into albums (id, title, artistid, url, image) values (51, 'Turtle (unidentified)', 1, 'http://theguardian.com/posuere/cubilia/curae/donec.json', 'http://dummyimage.com/146x221.png/cc0000/ffffff');
insert into albums (id, title, artistid, url, image) values (52, 'American marten', 12, 'http://google.cn/sem/praesent/id.html', 'http://dummyimage.com/208x194.png/dddddd/000000');
insert into albums (id, title, artistid, url, image) values (53, 'Tiger snake', 42, 'https://wunderground.com/tempus/semper/est/quam/pharetra/magna/ac.jsp', 'http://dummyimage.com/169x112.png/cc0000/ffffff');
insert into albums (id, title, artistid, url, image) values (54, 'Flamingo, chilean', 37, 'http://360.cn/vitae/mattis/nibh/ligula/nec.js', 'http://dummyimage.com/241x122.bmp/dddddd/000000');
insert into albums (id, title, artistid, url, image) values (55, 'Tokay gecko', 5, 'http://addtoany.com/orci/luctus/et/ultrices/posuere/cubilia/curae.png', 'http://dummyimage.com/154x241.bmp/ff4444/ffffff');
insert into albums (id, title, artistid, url, image) values (56, 'Spotted deer', 19, 'https://stumbleupon.com/maecenas/tristique/est/et/tempus/semper.xml', 'http://dummyimage.com/196x238.png/5fa2dd/ffffff');
insert into albums (id, title, artistid, url, image) values (57, 'Mountain duck', 12, 'https://bigcartel.com/tempus/vivamus.xml', 'http://dummyimage.com/180x117.bmp/cc0000/ffffff');
insert into albums (id, title, artistid, url, image) values (58, 'Black-capped capuchin', 38, 'https://cnet.com/nunc/proin/at/turpis/a.jsp', 'http://dummyimage.com/123x230.jpg/dddddd/000000');
insert into albums (id, title, artistid, url, image) values (59, 'American buffalo', 9, 'http://youtube.com/proin/leo/odio.xml', 'http://dummyimage.com/167x216.png/5fa2dd/ffffff');
insert into albums (id, title, artistid, url, image) values (60, 'Dove, white-winged', 24, 'https://studiopress.com/ultrices/mattis/odio.aspx', 'http://dummyimage.com/238x108.png/dddddd/000000');
insert into albums (id, title, artistid, url, image) values (61, 'Striated heron', 44, 'https://lycos.com/ipsum/praesent/blandit/lacinia.html', 'http://dummyimage.com/136x249.bmp/dddddd/000000');
insert into albums (id, title, artistid, url, image) values (62, 'Indian giant squirrel', 35, 'http://springer.com/ac/nulla/sed/vel/enim.html', 'http://dummyimage.com/104x212.png/5fa2dd/ffffff');
insert into albums (id, title, artistid, url, image) values (63, 'Buttermilk snake', 48, 'https://123-reg.co.uk/viverra.jsp', 'http://dummyimage.com/211x134.jpg/ff4444/ffffff');
insert into albums (id, title, artistid, url, image) values (64, 'Cow, scottish highland', 17, 'http://microsoft.com/erat/fermentum/justo/nec/condimentum/neque.aspx', 'http://dummyimage.com/112x242.png/5fa2dd/ffffff');
insert into albums (id, title, artistid, url, image) values (65, 'Raven, cape', 7, 'https://engadget.com/nonummy/maecenas/tincidunt/lacus/at/velit.js', 'http://dummyimage.com/250x131.png/dddddd/000000');
insert into albums (id, title, artistid, url, image) values (66, 'Macaque, japanese', 30, 'http://t-online.de/diam/cras.json', 'http://dummyimage.com/237x168.bmp/ff4444/ffffff');
insert into albums (id, title, artistid, url, image) values (67, 'Kite, black', 6, 'http://tiny.cc/nunc.aspx', 'http://dummyimage.com/107x175.png/5fa2dd/ffffff');
insert into albums (id, title, artistid, url, image) values (68, 'Marshbird, brown and yellow', 17, 'http://chronoengine.com/nascetur/ridiculus/mus/vivamus/vestibulum/sagittis/sapien.jpg', 'http://dummyimage.com/124x176.png/5fa2dd/ffffff');
insert into albums (id, title, artistid, url, image) values (69, 'Steenbuck', 44, 'https://people.com.cn/condimentum.js', 'http://dummyimage.com/133x132.jpg/ff4444/ffffff');
insert into albums (id, title, artistid, url, image) values (70, 'Cape starling', 46, 'https://networkadvertising.org/in/lectus/pellentesque/at/nulla/suspendisse.json', 'http://dummyimage.com/249x196.png/ff4444/ffffff');
insert into albums (id, title, artistid, url, image) values (71, 'North American red fox', 30, 'https://fastcompany.com/nunc/viverra.png', 'http://dummyimage.com/198x242.png/5fa2dd/ffffff');
insert into albums (id, title, artistid, url, image) values (72, 'Blue shark', 37, 'https://army.mil/in/porttitor/pede.jpg', 'http://dummyimage.com/134x198.jpg/dddddd/000000');
insert into albums (id, title, artistid, url, image) values (73, 'Emerald-spotted wood dove', 22, 'https://cbslocal.com/natoque/penatibus/et/magnis/dis/parturient/montes.html', 'http://dummyimage.com/236x116.png/5fa2dd/ffffff');
insert into albums (id, title, artistid, url, image) values (74, 'Llama', 17, 'https://examiner.com/nulla/suscipit/ligula/in.jsp', 'http://dummyimage.com/157x188.png/ff4444/ffffff');
insert into albums (id, title, artistid, url, image) values (75, 'White-bellied sea eagle', 21, 'http://nature.com/pulvinar/sed/nisl/nunc/rhoncus.jpg', 'http://dummyimage.com/144x240.jpg/5fa2dd/ffffff');
insert into albums (id, title, artistid, url, image) values (76, 'Grey heron', 10, 'http://eventbrite.com/bibendum/imperdiet.jpg', 'http://dummyimage.com/204x173.bmp/ff4444/ffffff');
insert into albums (id, title, artistid, url, image) values (77, 'Yellow baboon', 31, 'https://nifty.com/duis/mattis/egestas/metus/aenean.xml', 'http://dummyimage.com/183x108.bmp/dddddd/000000');
insert into albums (id, title, artistid, url, image) values (78, 'Plains zebra', 10, 'http://answers.com/sollicitudin/ut/suscipit/a/feugiat/et.jsp', 'http://dummyimage.com/180x157.jpg/dddddd/000000');
insert into albums (id, title, artistid, url, image) values (79, 'Capuchin, white-fronted', 47, 'https://ed.gov/congue/vivamus/metus/arcu/adipiscing/molestie.html', 'http://dummyimage.com/231x204.bmp/ff4444/ffffff');
insert into albums (id, title, artistid, url, image) values (80, 'Long-necked turtle', 47, 'https://indiatimes.com/rhoncus/aliquet/pulvinar/sed/nisl/nunc/rhoncus.xml', 'http://dummyimage.com/170x179.bmp/cc0000/ffffff');
insert into albums (id, title, artistid, url, image) values (81, 'Brown pelican', 18, 'http://ted.com/tincidunt/in/leo/maecenas.xml', 'http://dummyimage.com/224x244.png/cc0000/ffffff');
insert into albums (id, title, artistid, url, image) values (82, 'Hen, sage', 11, 'http://wikia.com/non.xml', 'http://dummyimage.com/148x128.png/dddddd/000000');
insert into albums (id, title, artistid, url, image) values (83, 'Kafue flats lechwe', 49, 'https://nhs.uk/tristique/est.aspx', 'http://dummyimage.com/131x211.png/cc0000/ffffff');
insert into albums (id, title, artistid, url, image) values (84, 'Caracara (unidentified)', 1, 'https://nydailynews.com/libero/convallis/eget/eleifend.json', 'http://dummyimage.com/141x249.png/5fa2dd/ffffff');
insert into albums (id, title, artistid, url, image) values (85, 'Opossum, american virginia', 14, 'https://ovh.net/sed/tristique/in/tempus/sit/amet.js', 'http://dummyimage.com/228x227.png/ff4444/ffffff');
insert into albums (id, title, artistid, url, image) values (86, 'Collared peccary', 28, 'https://ameblo.jp/feugiat/non/pretium.jpg', 'http://dummyimage.com/149x179.bmp/dddddd/000000');
insert into albums (id, title, artistid, url, image) values (87, 'Skunk, western spotted', 35, 'http://ycombinator.com/nec/sem/duis/aliquam/convallis/nunc/proin.aspx', 'http://dummyimage.com/236x156.jpg/dddddd/000000');
insert into albums (id, title, artistid, url, image) values (88, 'Pampa gray fox', 18, 'http://umn.edu/sapien/in/sapien/iaculis/congue.jpg', 'http://dummyimage.com/115x146.jpg/ff4444/ffffff');
insert into albums (id, title, artistid, url, image) values (89, 'Warthog', 12, 'https://gov.uk/curae.jpg', 'http://dummyimage.com/143x171.bmp/cc0000/ffffff');
insert into albums (id, title, artistid, url, image) values (90, 'Otter, small-clawed', 41, 'https://wikipedia.org/nascetur/ridiculus/mus.jpg', 'http://dummyimage.com/186x184.png/dddddd/000000');
insert into albums (id, title, artistid, url, image) values (91, 'Lapwing (unidentified)', 2, 'https://weebly.com/quisque/erat/eros/viverra.js', 'http://dummyimage.com/165x127.jpg/dddddd/000000');
insert into albums (id, title, artistid, url, image) values (92, 'Brazilian tapir', 15, 'http://kickstarter.com/congue/vivamus/metus.jsp', 'http://dummyimage.com/187x166.png/ff4444/ffffff');
insert into albums (id, title, artistid, url, image) values (93, 'Fox, crab-eating', 42, 'http://house.gov/dolor/morbi/vel/lectus/in.js', 'http://dummyimage.com/232x138.png/dddddd/000000');
insert into albums (id, title, artistid, url, image) values (94, 'Madagascar fruit bat', 36, 'http://springer.com/ipsum/primis.jsp', 'http://dummyimage.com/150x219.bmp/cc0000/ffffff');
insert into albums (id, title, artistid, url, image) values (95, 'Lechwe, kafue flats', 34, 'http://sciencedirect.com/id/massa/id/nisl.jpg', 'http://dummyimage.com/138x105.png/ff4444/ffffff');
insert into albums (id, title, artistid, url, image) values (96, 'Galapagos mockingbird', 1, 'http://huffingtonpost.com/at/nulla/suspendisse/potenti/cras.html', 'http://dummyimage.com/158x203.bmp/cc0000/ffffff');
insert into albums (id, title, artistid, url, image) values (97, 'Southern screamer', 14, 'https://wordpress.org/id/luctus/nec/molestie/sed/justo/pellentesque.xml', 'http://dummyimage.com/108x135.png/5fa2dd/ffffff');
insert into albums (id, title, artistid, url, image) values (98, 'Galapagos penguin', 1, 'https://mozilla.com/iaculis/justo.html', 'http://dummyimage.com/225x240.png/5fa2dd/ffffff');
insert into albums (id, title, artistid, url, image) values (99, 'Squirrel glider', 27, 'http://hc360.com/ac/diam/cras/pellentesque.jsp', 'http://dummyimage.com/148x142.png/dddddd/000000');
insert into albums (id, title, artistid, url, image) values (100, 'Crane, black-crowned', 10, 'https://uol.com.br/duis.json', 'http://dummyimage.com/141x155.bmp/dddddd/000000');
insert into user_albums (id, userid, albumid) values (1, 48, 3);
insert into user_albums (id, userid, albumid) values (2, 10, 18);
insert into user_albums (id, userid, albumid) values (3, 3, 51);
insert into user_albums (id, userid, albumid) values (4, 43, 83);
insert into user_albums (id, userid, albumid) values (5, 30, 31);
insert into user_albums (id, userid, albumid) values (6, 17, 50);
insert into user_albums (id, userid, albumid) values (7, 14, 11);
insert into user_albums (id, userid, albumid) values (8, 14, 29);
insert into user_albums (id, userid, albumid) values (9, 11, 20);
insert into user_albums (id, userid, albumid) values (10, 42, 12);
insert into user_albums (id, userid, albumid) values (11, 17, 86);
insert into user_albums (id, userid, albumid) values (12, 36, 53);
insert into user_albums (id, userid, albumid) values (13, 13, 76);
insert into user_albums (id, userid, albumid) values (14, 19, 8);
insert into user_albums (id, userid, albumid) values (15, 11, 42);
insert into user_albums (id, userid, albumid) values (16, 36, 70);
insert into user_albums (id, userid, albumid) values (17, 6, 20);
insert into user_albums (id, userid, albumid) values (18, 4, 80);
insert into user_albums (id, userid, albumid) values (19, 9, 73);
insert into user_albums (id, userid, albumid) values (20, 24, 8);
insert into user_albums (id, userid, albumid) values (21, 32, 55);
insert into user_albums (id, userid, albumid) values (22, 31, 36);
insert into user_albums (id, userid, albumid) values (23, 9, 27);
insert into user_albums (id, userid, albumid) values (24, 11, 10);
insert into user_albums (id, userid, albumid) values (25, 12, 40);
insert into user_albums (id, userid, albumid) values (26, 6, 5);
insert into user_albums (id, userid, albumid) values (27, 42, 24);
insert into user_albums (id, userid, albumid) values (28, 25, 50);
insert into user_albums (id, userid, albumid) values (29, 47, 37);
insert into user_albums (id, userid, albumid) values (30, 19, 22);
insert into user_albums (id, userid, albumid) values (31, 43, 98);
insert into user_albums (id, userid, albumid) values (32, 1, 29);
insert into user_albums (id, userid, albumid) values (33, 39, 56);
insert into user_albums (id, userid, albumid) values (34, 5, 6);
insert into user_albums (id, userid, albumid) values (35, 8, 75);
insert into user_albums (id, userid, albumid) values (36, 45, 100);
insert into user_albums (id, userid, albumid) values (37, 14, 83);
insert into user_albums (id, userid, albumid) values (38, 49, 31);
insert into user_albums (id, userid, albumid) values (39, 32, 51);
insert into user_albums (id, userid, albumid) values (40, 22, 31);
insert into user_albums (id, userid, albumid) values (41, 27, 70);
insert into user_albums (id, userid, albumid) values (42, 9, 18);
insert into user_albums (id, userid, albumid) values (43, 43, 90);
insert into user_albums (id, userid, albumid) values (44, 31, 86);
insert into user_albums (id, userid, albumid) values (45, 17, 67);
insert into user_albums (id, userid, albumid) values (46, 21, 89);
insert into user_albums (id, userid, albumid) values (47, 36, 78);
insert into user_albums (id, userid, albumid) values (48, 27, 24);
insert into user_albums (id, userid, albumid) values (49, 12, 63);
insert into user_albums (id, userid, albumid) values (50, 2, 90);
insert into user_albums (id, userid, albumid) values (51, 1, 62);
insert into user_albums (id, userid, albumid) values (52, 5, 90);
insert into user_albums (id, userid, albumid) values (53, 11, 28);
insert into user_albums (id, userid, albumid) values (54, 46, 23);
insert into user_albums (id, userid, albumid) values (55, 45, 52);
insert into user_albums (id, userid, albumid) values (56, 19, 41);
insert into user_albums (id, userid, albumid) values (57, 45, 100);
insert into user_albums (id, userid, albumid) values (58, 8, 39);
insert into user_albums (id, userid, albumid) values (59, 41, 5);
insert into user_albums (id, userid, albumid) values (60, 14, 47);
insert into user_albums (id, userid, albumid) values (61, 49, 83);
insert into user_albums (id, userid, albumid) values (62, 28, 67);
insert into user_albums (id, userid, albumid) values (63, 48, 83);
insert into user_albums (id, userid, albumid) values (64, 48, 28);
insert into user_albums (id, userid, albumid) values (65, 30, 97);
insert into user_albums (id, userid, albumid) values (66, 48, 81);
insert into user_albums (id, userid, albumid) values (67, 28, 40);
insert into user_albums (id, userid, albumid) values (68, 37, 11);
insert into user_albums (id, userid, albumid) values (69, 44, 43);
insert into user_albums (id, userid, albumid) values (70, 26, 87);
insert into user_albums (id, userid, albumid) values (71, 6, 98);
insert into user_albums (id, userid, albumid) values (72, 37, 17);
insert into user_albums (id, userid, albumid) values (73, 46, 93);
insert into user_albums (id, userid, albumid) values (74, 20, 37);
insert into user_albums (id, userid, albumid) values (75, 47, 12);
insert into user_albums (id, userid, albumid) values (76, 10, 74);
insert into user_albums (id, userid, albumid) values (77, 43, 33);
insert into user_albums (id, userid, albumid) values (78, 31, 70);
insert into user_albums (id, userid, albumid) values (79, 49, 36);
insert into user_albums (id, userid, albumid) values (80, 25, 69);
insert into user_albums (id, userid, albumid) values (81, 41, 45);
insert into user_albums (id, userid, albumid) values (82, 25, 68);
insert into user_albums (id, userid, albumid) values (83, 38, 34);
insert into user_albums (id, userid, albumid) values (84, 15, 85);
insert into user_albums (id, userid, albumid) values (85, 12, 59);
insert into user_albums (id, userid, albumid) values (86, 19, 48);
insert into user_albums (id, userid, albumid) values (87, 23, 31);
insert into user_albums (id, userid, albumid) values (88, 19, 64);
insert into user_albums (id, userid, albumid) values (89, 5, 78);
insert into user_albums (id, userid, albumid) values (90, 17, 54);
insert into user_albums (id, userid, albumid) values (91, 20, 19);
insert into user_albums (id, userid, albumid) values (92, 22, 16);
insert into user_albums (id, userid, albumid) values (93, 30, 22);
insert into user_albums (id, userid, albumid) values (94, 25, 72);
insert into user_albums (id, userid, albumid) values (95, 37, 33);
insert into user_albums (id, userid, albumid) values (96, 37, 28);
insert into user_albums (id, userid, albumid) values (97, 12, 82);
insert into user_albums (id, userid, albumid) values (98, 23, 40);
insert into user_albums (id, userid, albumid) values (99, 49, 97);
insert into user_albums (id, userid, albumid) values (100, 27, 25);
